Aruba;Amazing sunsets and caribbean vibes;DSC00709.JPG
Morroco;Desert and mountains to make you dream;DSC09750.JPG
Catalonia;coming soon;IMAGE
Chile;coming soon;IMAGE
Switzerland;coming soon;IMAGE
Azerbaijan;coming soon;IMAGE
India;coming soon;IMAGE
China;coming soon;IMAGE
USA-North;coming soon;IMAGE
USA-South;coming soon;IMAGE
Portugal;coming soon;IMAGE
Indonesia;coming soon;IMAGE
Norway;coming soon;IMAGE
Kuwait;coming soon;IMAGE
Italy;coming soon;IMAGE
Bulgaria;coming soon;IMAGE
Netherlands;coming soon;IMAGE
Estonia;coming soon;IMAGE
Latvia;coming soon;IMAGE
Greece;coming soon;IMAGE
Croatia;coming soon;IMAGE
Slovenia;coming soon;IMAGE
Czech-Republic;coming soon;IMAGE
Spain;coming soon;IMAGE
France;coming soon;IMAGE
Lithuania;coming soon;IMAGE
Sweden;coming soon;IMAGE
Mexico;coming soon;IMAGE
Canada;coming soon;IMAGE
Belgium;coming soon;IMAGE
Ireland;coming soon;IMAGE
UK;coming soon;IMAGE
Poland;coming soon;IMAGE
Finland;coming soon;IMAGE
Balearic Islands;coming soon;IMAGE
Canary Islands;coming soon;IMAGE